{
  "discovered_ode": "x_ddot = a*x + b*x_dot",
  "coefficients": {
    "a": -39.342203102001754,
    "b": -1.231251626309634,
    "intercept": -7.912013479730916
  },
  "estimated_parameters": {
    "omega": 6.27233633521049,
    "zeta": 0.09814936257466454
  },
  "true_parameters": {
    "omega_true": 6.283185307179586,
    "zeta_true": 0.1
  },
  "errors": {
    "rms": 0.14133005717068758,
    "nrmse": 0.0013354384223957139,
    "omega_rel_error": 0.001726667516347123,
    "zeta_rel_error": 0.018506374253354635
  },
  "method": "ElasticNetCV"
}