{
  "discovered_ode": "x_ddot = a*x + b*x_dot",
  "coefficients": {
    "a": -39.253152879718414,
    "b": -1.1744074776366338,
    "intercept": -5.734588156246076
  },
  "estimated_parameters": {
    "omega": 6.265233665213008,
    "zeta": 0.09372415622400461
  },
  "true_parameters": {
    "omega_true": 6.283185307179586,
    "zeta_true": 0.1
  },
  "errors": {
    "rms": 0.3906108832437663,
    "nrmse": 0.0036909118423383842,
    "omega_rel_error": 0.0028570925555968995,
    "zeta_rel_error": 0.06275843775995396
  },
  "method": "ElasticNetCV"
}