{
  "discovered_ode": "x_ddot = a*x + b*x_dot",
  "coefficients": {
    "a": -25.152859681334814,
    "b": -1.8034932663078818,
    "intercept": 4.328761796478199
  },
  "estimated_parameters": {
    "omega": 5.015262673214117,
    "zeta": 0.17980047943850588
  },
  "true_parameters": {
    "omega_true": 6.283185307179586,
    "zeta_true": 0.1
  },
  "errors": {
    "rms": 7.329790740121392,
    "nrmse": 0.06925974826895205,
    "omega_rel_error": 0.20179615465370027,
    "zeta_rel_error": 0.7980047943850588
  }
}