{
  "discovered_ode": "x_ddot = a*x + b*x_dot",
  "coefficients": {
    "a": -39.58720016479492,
    "b": -2.036303758621216,
    "intercept": 3.459333896636963
  },
  "estimated_parameters": {
    "omega": 6.291835993157714,
    "zeta": 0.16182110919894196
  },
  "true_parameters": {
    "omega_true": 6.283185307179586,
    "zeta_true": 0.1
  },
  "errors": {
    "rms": 2.2337620404749385,
    "nrmse": 0.021106986829677585,
    "omega_rel_error": 0.0013767994345548035,
    "zeta_rel_error": 0.6182110919894196
  }
}